{"Random": {"reward_log": [-277.5025231180599, -570.8941795972926, -552.6747289973706, -279.8950819812086, -185.0253976338148, -171.36224763934234, -82.87379669469452, 40.02135474071265, -66.475878196031, 61.869920987755485, 37.554779578100806, 78.50013148190104, 23.465589145134064, 41.32737215335466, 23.97237920447298, 56.36285588919854, 44.96406000586829, 52.94845709417757, 52.43995064121176, 75.1887414240658, 45.02716243731614, 70.24919468934294, 58.850519104876284, 51.9290986871825, 48.39089273266941, 34.51865558535876, 74.1553744563739, 58.62539662083636, 20.718551916695603, 57.91666414260003, 67.33696031927072, 36.36779467589345, 70.70272923827653, 68.18405932478623, 34.316301347318294, 53.030775318777785, 38.093117599396386, 53.99657725075864, 63.43733481410908, 33.807757671674445, 44.84958812548859, 69.71606310252025, 31.42846256719078, 61.839223923780594, 49.649746378566036, 47.3245659889304, 57.94046503253414, 55.62019415716229, 42.62365592529049, 64.54024438881879, 50.657620441393426, 49.84923406779694, 55.922164338776575, 62.11975443957158, 46.60880289270779, 50.60696224094768, 50.28011428600938, 57.29110966094812, 71.94056107670653, 55.022408995715026, 55.45710551868558, 48.46871278661684, 47.90817360618188, 52.891859294347185, 35.354831340537714, 44.72915468697515, 59.36519286236116, 68.01919201760681, 35.440971179293264, 71.24216471548996, 60.56568940544302, 46.57635333154858, 44.34448667586703, 63.90705648931548, 43.84497540938527, 38.95528200404512, 49.013859954635535, 54.19068685228315, 49.05723729226453, 21.208151620172508, 48.44384836150029, 51.74337399563806, 68.4891582186992, 51.783349364550986, 65.43795100152505, 40.47593953281357, 46.86707849847299, 67.58161271970351, 53.39141630463894, 43.25067981574265, 58.88781895632219], "loss_log": [0.8130501505464698, 0.5396888371297169, 0.42586723738160825, 0.33331044318004943, 0.24821549547033045, 0.2721276425759512, 0.30352456937387773, 0.2185428750049267, 0.18016021516726682, 0.18086415503571854, 0.16662323696920012, 0.16226946899793585, 0.14686035532284952, 0.15116239713339882, 0.13069977259310356, 0.12797587845504438, 0.1792417215362581, 0.11892632016422437, 0.1381733642472074, 0.1301445971295124, 0.10960978006660749, 0.08508125148253418, 0.09342530543078828, 0.08716807397756855, 0.10330857139892413, 0.08327095804922742, 0.0778072980039527, 0.07370324809157265, 0.06770333228877226, 0.08162610089258047, 0.05812594615301553, 0.06231804614980391, 0.06594391706602587, 0.06263623100763191, 0.05789137977146891, 0.0497330867968137, 0.04659136304605061, 0.05586942180120387, 0.04712283307828983, 0.035824551482213654, 0.045447234258143225, 0.04318062187424397, 0.03393241897624092, 0.03620801644127945, 0.022781469214037755, 0.02663660465856165, 0.04663657260891379, 0.0265884154295138, 0.02848777535183153, 0.02174028163873713, 0.022208622929761456, 0.02712170090762019, 0.023256530092915374, 0.0332008238727722, 0.0202731775787466, 0.016489850362894475, 0.020723617183544697, 0.023313767332311854, 0.02258519876251362, 0.019182521005616595, 0.016258838670950924, 0.015149206659768683, 0.01778238967400555, 0.022934104440834623, 0.019277709976382083, 0.012421183717579488, 0.013528330193271104, 0.00908204730816105, 0.010412821520879184, 0.012863715354041568, 0.013648747450709634, 0.014357936192227274, 0.011408967123625274, 0.014826077564565374, 0.014567301114922424, 0.009854351199767086, 0.00960103546620045, 0.009091142320708255, 0.00653081469344787, 0.010227915889840363, 0.0068622768075752155, 0.009400078408609028, 0.007848689910922652, 0.007067219830155594, 0.007852702307755194, 0.008575120631122885, 0.00719805023921283, 0.005751925686129513, 0.005739458739296299, 0.005316732585106831, 0.007556097574587767]}, "LossPredict": {"reward_log": [-218.44859102684418, -105.57990849399368, -224.78504756227136, -364.6731269519367, -248.98249901225313, -335.730173009852, -168.6977793255689, -125.13558333232163, -73.87017938681636, -138.24750033620407, 16.585168179120654, -102.82689308125808, -5.3058983068249645, -125.24934516947742, 24.023027577709748, 71.52331520834294, -120.61481812516676, -152.39523740172325, 38.71622489673673, -23.91459831931429, -48.557736286851046, 38.666196756186146, 106.28478334113144, 94.95509417367504, 88.63279786138904, -32.86554591706748, -108.27542478849753, 41.571167102993265, 108.01111165764878, 25.797691619977666, 5.710232567546515, 13.41456141156436, -114.99845605915519, 27.58207073690425, 4.489230578570682, 72.94839390253529, 5.119976284975133, 100.62201106342896, -14.326225423280556, 39.1008191028377, 122.89891259260563, 30.101402710854604, 106.1063633828328, 12.36730428760169, 88.55224091880956, 9.679389576568644, 46.1920272810329, 46.735631755922434, 58.611138978381504, 35.80413386123466, -18.184211328282046, 102.85292258264727, 13.058344482901665, 57.29369530458963, 118.52929337094591, 40.89578680714143, -4.563109711389541, 36.29738638155747, 100.8339878354145, 15.341250371604918, 66.32201910820935, 19.992163514393308, 64.36613583170674, 31.962443228420256, 82.05718304778442, 3.2443361560299238, 33.60692380725973, 15.63722272703204, 104.21696365434036, 64.63841206852628, 14.970611280292948, 106.41152842346101, 60.815561159348206, 95.02334350698682, 17.761135183187985, 79.98540567380981, 26.856261561646335, 66.25690184292468, -38.75819732113647, 85.8570232712625, -28.048349441374718, 59.71313857884898, 34.851464583708356, 81.16244043898698, 45.18057827841253, 77.88292062988498, 27.88015397436525, 84.97077714072718, 44.41831239229051, 66.4729573933392, -4.375541626196894], "loss_log": [0.7819233797300991, 0.3460184108864148, 0.1390063826695971, 0.13069479247230695, 0.15594407162416873, 0.08736772982609141, 0.06754763371476655, 0.08429253944169926, 0.09252726466385437, 0.16101694499230215, 0.13717669555439488, 0.10624058052629219, 0.13047060549304162, 0.10919438120785778, 0.16607221270232914, 0.1432660702820574, 0.10755787021425738, 0.10892531850982323, 0.13529144787144115, 0.08950812583952775, 0.1545966983257245, 0.13228016491302882, 0.11672808827776948, 0.11334420905351332, 0.10209721952467916, 0.13147961822873175, 0.16163436147072857, 0.10716823613206557, 0.11788016680234285, 0.11834570585755233, 0.15675770751947743, 0.1455301177886346, 0.1004699753466555, 0.10788792240161635, 0.13213717178077208, 0.11755698713465705, 0.12543243309940222, 0.12203659916442651, 0.11917581947399933, 0.10335063393004038, 0.10018599951671459, 0.11896930881658647, 0.10832742774121591, 0.09920343213299788, 0.10844936928301149, 0.13726022753957837, 0.10712102841019985, 0.10810452006847326, 0.11354336299747066, 0.11660853608951545, 0.09981942311878582, 0.10231353304484728, 0.10958031662905561, 0.1071889538757469, 0.11068403479075899, 0.10573223590563308, 0.12914276180346104, 0.11788092823128404, 0.0926706503601234, 0.07720902886708075, 0.10083392392608441, 0.09001413241872826, 0.10385154782038322, 0.0932305534147156, 0.07924557226688499, 0.09231486669702874, 0.0934947497548257, 0.11777041581269607, 0.1215268024661246, 0.0984708040635646, 0.11066509999362403, 0.09328729193757683, 0.07450496225598484, 0.09521874137487078, 0.07878510854997063, 0.06463413382260302, 0.08506491430790146, 0.0819598595657813, 0.08472244347326263, 0.08017167495559752, 0.07473005764357554, 0.08282735188768504, 0.07341614080691701, 0.10476100786302282, 0.07101773882350686, 0.08071444429173305, 0.07772997529248973, 0.07800811666265488, 0.07893764827890815, 0.07975524443784399, 0.10700004920901476]},